coef,final_area
1.0,100.0
1.4444444444444444,174.59170334412394
1.8888888888888888,284.10312304191484
2.333333333333333,399.35929243271653
2.7777777777777777,543.4357315242382
3.2222222222222223,712.3917607745768
3.6666666666666665,900.3513012388033
4.111111111111111,1167.5414768491353
4.555555555555555,1198.2308798679992
5.0,1532.1925682835324
