coef,final_area
1.0,144.2696433039873
2.0,210.56615197520782
3.0,259.72007226121514
4.0,288.29575000371165
5.0,327.34640850660435
6.0,366.90445111047325
7.0,413.00061855122283
